﻿<?xml version='1.0' encoding='UTF-8'?>
<!-- Generated by LavishSettings v2 -->
<InnerSpaceSettings>
	<Set Name="Profiles">
		<Setting Name="DefaultProfiles">Jiimbo_Ranger_ROC</Setting>
		<Set Name="Jiimbo_assassin_BOZ">
			<Set Name="Settings">
				<Setting Name="checkbox_settings_buffs">TRUE</Setting>
				<Setting Name="checkbox_settings_combatarts">TRUE</Setting>
				<Setting Name="checkbox_settings_namedcombatarts">TRUE</Setting>
				<Setting Name="checkbox_settings_rangedattack">FALSE</Setting>
				<Setting Name="checkbox_settings_autoattacktiming">TRUE</Setting>
				<Setting Name="checkbox_settings_meleeattack">TRUE</Setting>
				<Setting Name="checkbox_settings_ignoretargettoattackhealthcheck">TRUE</Setting>
				<Setting Name="checkbox_settings_loot">FALSE</Setting>
				<Setting Name="checkbox_settings_acceptloot">TRUE</Setting>
				<Setting Name="checkbox_settings_acceptres">TRUE</Setting>
				<Setting Name="checkbox_settings_prioritytab">TRUE</Setting>
				<Setting Name="checkbox_settings_acceptinvites">TRUE</Setting>
				<Setting Name="checkbox_settings_enablealiases">TRUE</Setting>
				<Setting Name="checkbox_settings_enableogremcp">FALSE</Setting>
				<Setting Name="checkbox_settings_enableonscreenassistant">FALSE</Setting>
				<Setting Name="checkbox_settings_enableannouncetab">TRUE</Setting>
				<Setting Name="checkbox_settings_raidoptions">TRUE</Setting>
				<Setting Name="checkbox_settings_grindoptions">TRUE</Setting>
				<Setting Name="checkbox_settings_encountersmartnukes">FALSE</Setting>
				<Setting Name="checkbox_settings_aesmartnukes">TRUE</Setting>
				<Setting Name="checkbox_settings_autotargetwhenhated">TRUE</Setting>
				<Setting Name="checkbox_settings_res">FALSE</Setting>
				<Setting Name="checkbox_settings_dopowerheals">TRUE</Setting>
				<Setting Name="checkbox_settings_assist">TRUE</Setting>
				<Setting Name="checkbox_settings_autofollow">FALSE</Setting>
				<Setting Name="checkbox_settings_chaintab">TRUE</Setting>
				<Setting Name="checkbox_settings_movetoarea">TRUE</Setting>
				<Setting Name="checkbox_settings_doho">FALSE</Setting>
				<Setting Name="checkbox_settings_facenpc">TRUE</Setting>
				<Setting Name="checkbox_settings_turnoffattack">TRUE</Setting>
				<Setting Name="checkbox_settings_movemelee">FALSE</Setting>
				<Setting Name="checkbox_settings_movebehind">FALSE</Setting>
				<Setting Name="checkbox_settings_cancelinvisaftercombat">TRUE</Setting>
				<Setting Name="checkbox_settings_ignoremovetoattackhealthcheck">TRUE</Setting>
				<Setting Name="checkbox_settings_acceptnochoicerewards">TRUE</Setting>
				<Setting Name="checkbox_settings_forcenamedcatab">TRUE</Setting>
				<Setting Name="checkbox_settings_enable_tag_embargo">TRUE</Setting>
				<Setting Name="checkbox_settings_enable_tag_allow">TRUE</Setting>
				<Setting Name="checkbox_settings_enable_abilityrotate">TRUE</Setting>
				<Setting Name="checkbox_settings_enable_itemrotate">TRUE</Setting>
				<Setting Name="checkbox_settings_enable_chatevents">TRUE</Setting>
				<Setting Name="checkbox_settings_accept_zonein_confirmation">TRUE</Setting>
				<Setting Name="checkbox_settings_summon_familiar">TRUE</Setting>
				<Setting Name="checkbox_settings_consumeitems">TRUE</Setting>
				<Setting Name="checkbox_settings_disable_dbc_claim">TRUE</Setting>
				<Setting Name="checkbox_settings_globally_mute_abilityrotation">TRUE</Setting>
				<Setting Name="checkbox_settings_no_overseer">TRUE</Setting>
				<Setting Name="checkbox_settings_cancelabilitiestogroupcure">TRUE</Setting>
				<Setting Name="checkbox_settings_autoshare_missions">TRUE</Setting>
				<Setting Name="checkbox_settings_auto_use_temporary_mount_reduction">TRUE</Setting>
				<Setting Name="checkbox_settings_ability_tracker">TRUE</Setting>
				<Setting Name="checkbox_settings_enable_spawnevents">TRUE</Setting>
				<Setting Name="checkbox_settings_enable_despawnevents">TRUE</Setting>
				<Setting Name="checkbox_settings_enablepetsindropdowns">TRUE</Setting>
				<Setting Name="checkbox_settings_enablequestcompare">TRUE</Setting>
				<Setting Name="checkbox_settings_castwhilemoving">TRUE</Setting>
				<Setting Name="checkbox_settings_use_reduced_stun_checks">TRUE</Setting>
				<Setting Name="checkbox_settings_allow_specials_to_be_targets">TRUE</Setting>
				<Setting Name="checkbox_settings_spew_boz_research">TRUE</Setting>
				<Setting Name="checkbox_settings_skipcutscenes">TRUE</Setting>
				<Setting Name="checkbox_settings_disableabilitycollisionchecks">TRUE</Setting>
				<Setting Name="checkbox_settings_auto_use_temporary_research_reduction">TRUE</Setting>
				<Setting Name="checkbox_settings_auto_use_temporary_familiar_experience">TRUE</Setting>
				<Setting Name="checkbox_settings_acceptraidreadychecks">TRUE</Setting>
				<Setting Name="checkbox_settings_show_surge_messages">TRUE</Setting>
				<Setting Name="checkbox_settings_spew_subscription_status">TRUE</Setting>
				<Setting Name="checkbox_settings_ho_wheel_offensive_only">TRUE</Setting>
			</Set>
			<Set Name="Setup">
				<Setting Name="textentry_setup_percenttoattack">99</Setting>
				<Setting Name="textentry_setup_moveintoattackrangehealthpercent">99</Setting>
				<Setting Name="textentry_setup_petpercenttoattack">97</Setting>
				<Setting Name="textentry_setup_powertousecas">5</Setting>
				<Setting Name="textentry_setup_healthtousecas">5</Setting>
				<Setting Name="textentry_setup_percenttousemanastone">10</Setting>
				<Setting Name="textentry_setup_percenttouseshards">10</Setting>
				<Setting Name="textentry_setup_reswaittimer">2</Setting>
				<Setting Name="checkbox_setup_broadcasttellstouplink">TRUE</Setting>
				<Setting Name="checkbox_setup_receivetellsfromuplink">FALSE</Setting>
				<Setting Name="combobox_setup_autofollowname">@Tank</Setting>
				<Setting Name="combobox_setup_shardcaster">Disabled</Setting>
				<Setting Name="combobox_setup_heartcaster">Disabled</Setting>
				<Setting Name="textentry_setup_spellrangeextender">0</Setting>
				<Setting Name="textentry_setup_moveintomeleerangemaxdistance">400</Setting>
				<Setting Name="textentry_setup_autofollowmaxdistance">500</Setting>
				<Setting Name="textentry_setup_turbo">1200</Setting>
			</Set>
			<Set Name="SetupInvis">
				<Set Name="1">
					<Setting Name="__SourceName">Concealment</Setting>
				</Set>
				<Set Name="2">
					<Setting Name="__SourceName">Stalk</Setting>
				</Set>
				<Set Name="3">
					<Setting Name="__SourceName">Getaway</Setting>
				</Set>
			</Set>
			<Set Name="CastStack">
				<Set Name="1">
					<Setting Name="__Disabled">TRUE</Setting>
					<Setting Name="__SourceName">Shadow Step</Setting>
					<Setting Name="ATag">step-reset</Setting>
					<Setting Name="Type">NamedCA</Setting>
				</Set>
				<Set Name="2">
					<Setting Name="__Disabled">TRUE</Setting>
					<Setting Name="__SourceName">-------------------------------------------------------------------------------</Setting>
					<Setting Name="Type">Buff</Setting>
				</Set>
				<Set Name="3">
					<Setting Name="__SourceName">Frontload</Setting>
					<Setting Name="ATag">FFU1Allow</Setting>
					<Setting Name="AType">Listen Only</Setting>
					<Setting Name="Type">CA</Setting>
				</Set>
				<Set Name="4">
					<Setting Name="__Disabled">TRUE</Setting>
					<Setting Name="__SourceName">-------------------------------------------------------------------------------</Setting>
					<Setting Name="Type">CA</Setting>
				</Set>
				<Set Name="5">
					<Setting Name="__SourceName">Shadow</Setting>
					<Setting Name="ATag">FFU1Allow</Setting>
					<Setting Name="AType">Listen Only</Setting>
					<Setting Name="ID">TRUE</Setting>
					<Setting Name="Type">CA</Setting>
				</Set>
				<Set Name="6">
					<Setting Name="__SourceName">Ambush</Setting>
					<Setting Name="ATag">FFU1Allow</Setting>
					<Setting Name="AType">Listen Only</Setting>
					<Setting Name="Type">CA</Setting>
				</Set>
				<Set Name="7">
					<Setting Name="__SourceName">Predator's Final Trick</Setting>
					<Setting Name="ATag">FFU1Allow</Setting>
					<Setting Name="AType">Listen Only</Setting>
					<Setting Name="Type">CA</Setting>
				</Set>
				<Set Name="8">
					<Setting Name="__SourceName">Tracing Wound</Setting>
					<Setting Name="ATag">FFU1Allow</Setting>
					<Setting Name="AType">Listen Only</Setting>
					<Setting Name="ID">TRUE</Setting>
					<Setting Name="Type">NamedCA</Setting>
				</Set>
				<Set Name="9">
					<Setting Name="__SourceName">Gut</Setting>
					<Setting Name="ATag">FFU1Allow</Setting>
					<Setting Name="AType">Listen Only</Setting>
					<Setting Name="Type">CA</Setting>
				</Set>
				<Set Name="10">
					<Setting Name="__SourceName">Necrotic Blade</Setting>
					<Setting Name="ATag">FFU1Allow</Setting>
					<Setting Name="AType">Listen Only</Setting>
					<Setting Name="Type">CA</Setting>
				</Set>
				<Set Name="11">
					<Setting Name="__SourceName">Assassinate</Setting>
					<Setting Name="ATag">FFU1Allow</Setting>
					<Setting Name="AType">Listen Only</Setting>
					<Setting Name="Type">CA</Setting>
				</Set>
				<Set Name="12">
					<Setting Name="__SourceName">In Plain Sight</Setting>
					<Setting Name="ATag">FFU1Allow</Setting>
					<Setting Name="AType">Listen Only</Setting>
					<Setting Name="Type">CA</Setting>
				</Set>
				<Set Name="13">
					<Setting Name="__SourceName">Jugular Slice</Setting>
					<Setting Name="ATag">FFU1Allow</Setting>
					<Setting Name="AType">Listen Only</Setting>
					<Setting Name="Type">CA</Setting>
				</Set>
				<Set Name="14">
					<Setting Name="__SourceName">Massacre</Setting>
					<Setting Name="ATag">FFU1Allow</Setting>
					<Setting Name="AType">Listen Only</Setting>
					<Setting Name="IAE">TRUE</Setting>
					<Setting Name="Type">CA</Setting>
				</Set>
				<Set Name="15">
					<Setting Name="__SourceName">Stealth Assault</Setting>
					<Setting Name="ATag">FFU1Allow</Setting>
					<Setting Name="AType">Listen Only</Setting>
					<Setting Name="IAE">TRUE</Setting>
					<Setting Name="ID">TRUE</Setting>
					<Setting Name="Type">CA</Setting>
				</Set>
				<Set Name="16">
					<Setting Name="__SourceName">Assassinate</Setting>
					<Setting Name="ATag">FFU1Allow</Setting>
					<Setting Name="AType">Listen Only</Setting>
					<Setting Name="Type">NamedCA</Setting>
				</Set>
				<Set Name="17">
					<Setting Name="__SourceName">Ambush</Setting>
					<Setting Name="ATag">FFU1Allow</Setting>
					<Setting Name="AType">Listen Only</Setting>
					<Setting Name="Type">CA</Setting>
				</Set>
				<Set Name="18">
					<Setting Name="__SourceName">Fatal Followup</Setting>
					<Setting Name="ATag">FFU1Allow</Setting>
					<Setting Name="AType">Listen Only</Setting>
					<Setting Name="ETag">FFU1Embargo</Setting>
					<Setting Name="EType">Trigger Only</Setting>
					<Setting Name="Type">CA</Setting>
				</Set>
				<Set Name="19">
					<Setting Name="__SourceName">-------------------------------------------------------------------------------</Setting>
					<Setting Name="Type">CA</Setting>
				</Set>
				<Set Name="20">
					<Setting Name="__SourceName">Shadow Agent</Setting>
					<Setting Name="ATag">FFU2Allow</Setting>
					<Setting Name="AType">Listen Only</Setting>
					<Setting Name="ID">TRUE</Setting>
					<Setting Name="Type">NamedCA</Setting>
				</Set>
				<Set Name="21">
					<Setting Name="__SourceName">Tracing Wound</Setting>
					<Setting Name="ATag">FFU2Allow</Setting>
					<Setting Name="AType">Listen Only</Setting>
					<Setting Name="ID">TRUE</Setting>
					<Setting Name="Type">NamedCA</Setting>
				</Set>
				<Set Name="22">
					<Setting Name="__SourceName">Assassinate</Setting>
					<Setting Name="ATag">FFU2Allow</Setting>
					<Setting Name="AType">Listen Only</Setting>
					<Setting Name="Type">NamedCA</Setting>
				</Set>
				<Set Name="23">
					<Setting Name="__SourceName">In Plain Sight</Setting>
					<Setting Name="ATag">FFU2Allow</Setting>
					<Setting Name="AType">Listen Only</Setting>
					<Setting Name="Type">CA</Setting>
				</Set>
				<Set Name="24">
					<Setting Name="__SourceName">Jugular Slice</Setting>
					<Setting Name="ATag">FFU2Allow</Setting>
					<Setting Name="AType">Listen Only</Setting>
					<Setting Name="Type">CA</Setting>
				</Set>
				<Set Name="25">
					<Setting Name="__SourceName">Stealth Assault</Setting>
					<Setting Name="ATag">FFU2Allow</Setting>
					<Setting Name="AType">Listen Only</Setting>
					<Setting Name="IAE">TRUE</Setting>
					<Setting Name="ID">TRUE</Setting>
					<Setting Name="Type">CA</Setting>
				</Set>
				<Set Name="26">
					<Setting Name="__SourceName">Massacre</Setting>
					<Setting Name="ATag">FFU2Allow</Setting>
					<Setting Name="AType">Listen Only</Setting>
					<Setting Name="IAE">TRUE</Setting>
					<Setting Name="Type">CA</Setting>
				</Set>
				<Set Name="27">
					<Setting Name="__SourceName">Ambush</Setting>
					<Setting Name="ATag">FFU2Allow</Setting>
					<Setting Name="AType">Listen Only</Setting>
					<Setting Name="Type">CA</Setting>
				</Set>
				<Set Name="28">
					<Setting Name="__SourceName">Assassinate</Setting>
					<Setting Name="ATag">FFU2Allow</Setting>
					<Setting Name="AType">Listen Only</Setting>
					<Setting Name="Type">NamedCA</Setting>
				</Set>
				<Set Name="29">
					<Setting Name="__SourceName">Fatal Followup</Setting>
					<Setting Name="ATag">FFU2Allow</Setting>
					<Setting Name="AType">Listen Only</Setting>
					<Setting Name="Type">CA</Setting>
				</Set>
				<Set Name="30">
					<Setting Name="__SourceName">-------------------------------------------------------------------------------</Setting>
					<Setting Name="Type">CA</Setting>
				</Set>
				<Set Name="31">
					<Setting Name="__SourceName">Blightshadow Scourge</Setting>
					<Setting Name="N_HP&lt;">99</Setting>
					<Setting Name="Type">NamedCA</Setting>
				</Set>
				<Set Name="32">
					<Setting Name="__SourceName">-------------------------------------------------------------------------------</Setting>
					<Setting Name="Type">CA</Setting>
					<Setting Name="__Disabled">TRUE</Setting>
				</Set>
				<Set Name="33">
					<Setting Name="__SourceName">Deadly Focus</Setting>
					<Setting Name="ETag">CausticEmbargo</Setting>
					<Setting Name="Type">NamedCA</Setting>
				</Set>
				<Set Name="34">
					<Setting Name="__SourceName">Exacting</Setting>
					<Setting Name="Type">NamedCA</Setting>
				</Set>
				<Set Name="35">
					<Setting Name="__SourceName">Honed Reflexes</Setting>
					<Setting Name="ETag">CausticEmbargo</Setting>
					<Setting Name="Type">NamedCA</Setting>
				</Set>
				<Set Name="36">
					<Setting Name="__SourceName">-------------------------------------------------------------------------------</Setting>
					<Setting Name="Type">CA</Setting>
				</Set>
				<Set Name="37">
					<Setting Name="__Disabled">TRUE</Setting>
					<Setting Name="__SourceName">Feedback Loop</Setting>
					<Setting Name="N_HP&lt;">99</Setting>
					<Setting Name="Type">NamedCA</Setting>
				</Set>
				<Set Name="38">
					<Setting Name="__SourceName">-------------------------------------------------------------------------------</Setting>
					<Setting Name="Type">CA</Setting>
				</Set>
				<Set Name="39">
					<Setting Name="__SourceName">Nightblade</Setting>
					<Setting Name="ATag">FFU1Allow</Setting>
					<Setting Name="AType">Trigger Only</Setting>
					<Setting Name="ETag">FFU1Embargo</Setting>
					<Setting Name="EType">Listen Only</Setting>
					<Setting Name="IAE">TRUE</Setting>
					<Setting Name="N_HP&lt;">99</Setting>
					<Setting Name="Type">NamedCA</Setting>
				</Set>
				<Set Name="40">
					<Setting Name="__SourceName">Cheap Shot</Setting>
					<Setting Name="ATag">FFU1Allow</Setting>
					<Setting Name="AType">Trigger Only</Setting>
					<Setting Name="ETag">FFU1Embargo</Setting>
					<Setting Name="EType">Listen Only</Setting>
					<Setting Name="N_HP&lt;">99</Setting>
					<Setting Name="Type">NamedCA</Setting>
				</Set>
				<Set Name="41">
					<Setting Name="__SourceName">Nightblade</Setting>
					<Setting Name="ATag">FFU2Allow</Setting>
					<Setting Name="AType">Trigger Only</Setting>
					<Setting Name="ETag">FFU2Embargo</Setting>
					<Setting Name="EType">Listen Only</Setting>
					<Setting Name="IAE">TRUE</Setting>
					<Setting Name="N_HP&lt;">99</Setting>
					<Setting Name="Type">NamedCA</Setting>
				</Set>
				<Set Name="42">
					<Setting Name="__SourceName">Cheap Shot</Setting>
					<Setting Name="ATag">FFU2Allow</Setting>
					<Setting Name="AType">Trigger Only</Setting>
					<Setting Name="ETag">FFU2Embargo</Setting>
					<Setting Name="EType">Listen Only</Setting>
					<Setting Name="N_HP&lt;">99</Setting>
					<Setting Name="Type">NamedCA</Setting>
				</Set>
				<Set Name="43">
					<Setting Name="__SourceName">-------------------------------------------------------------------------------</Setting>
					<Setting Name="Type">CA</Setting>
				</Set>
				<Set Name="44">
					<Setting Name="__Disabled">TRUE</Setting>
					<Setting Name="__SourceName">Shadow Step</Setting>
					<Setting Name="Type">CA</Setting>
				</Set>
				<Set Name="45">
					<Setting Name="__Disabled">TRUE</Setting>
					<Setting Name="__SourceName">Quick Strike</Setting>
					<Setting Name="ATag">step-reset</Setting>
					<Setting Name="AType">Trigger Only</Setting>
					<Setting Name="ID">TRUE</Setting>
					<Setting Name="Type">CA</Setting>
				</Set>
				<Set Name="46">
					<Setting Name="__Disabled">TRUE</Setting>
					<Setting Name="__SourceName">Death Mark</Setting>
					<Setting Name="Type">CA</Setting>
				</Set>
				<Set Name="47">
					<Setting Name="__Disabled">TRUE</Setting>
					<Setting Name="__SourceName">Gushing Wound</Setting>
					<Setting Name="Type">CA</Setting>
				</Set>
				<Set Name="48">
					<Setting Name="__Disabled">TRUE</Setting>
					<Setting Name="__SourceName">Death Blow</Setting>
					<Setting Name="Type">CA</Setting>
				</Set>
				<Set Name="49">
					<Setting Name="__Disabled">TRUE</Setting>
					<Setting Name="__SourceName">Smoke Bomb</Setting>
					<Setting Name="IAE">TRUE</Setting>
					<Setting Name="ID">TRUE</Setting>
					<Setting Name="Type">CA</Setting>
				</Set>
				<Set Name="50">
					<Setting Name="__Disabled">TRUE</Setting>
					<Setting Name="__SourceName">Bloodflurry</Setting>
					<Setting Name="Type">CA</Setting>
				</Set>
				<Set Name="51">
					<Setting Name="__Disabled">TRUE</Setting>
					<Setting Name="__SourceName">Masked Strike</Setting>
					<Setting Name="ID">TRUE</Setting>
					<Setting Name="Type">CA</Setting>
				</Set>
				<Set Name="52">
					<Setting Name="__Disabled">TRUE</Setting>
					<Setting Name="__SourceName">Head Shot</Setting>
					<Setting Name="Type">CA</Setting>
				</Set>
				<Set Name="53">
					<Setting Name="__Disabled">TRUE</Setting>
					<Setting Name="__SourceName">Spine Shot</Setting>
					<Setting Name="Type">CA</Setting>
				</Set>
				<Set Name="54">
					<Setting Name="__Disabled">TRUE</Setting>
					<Setting Name="__SourceName">Mana Schism</Setting>
					<Setting Name="N_HP&lt;">99</Setting>
					<Setting Name="Type">NamedCA</Setting>
				</Set>
				<Set Name="55">
					<Setting Name="__Disabled">TRUE</Setting>
					<Setting Name="__SourceName">Cascading Force</Setting>
					<Setting Name="N_HP&lt;">99</Setting>
					<Setting Name="Type">NamedCA</Setting>
				</Set>
				<Set Name="56">
					<Setting Name="__Disabled">TRUE</Setting>
					<Setting Name="__SourceName">Compounding Force</Setting>
					<Setting Name="N_HP&lt;">99</Setting>
					<Setting Name="Type">NamedCA</Setting>
				</Set>
				<Set Name="57">
					<Setting Name="__Disabled">TRUE</Setting>
					<Setting Name="__SourceName">Deadly Shot</Setting>
					<Setting Name="Type">CA</Setting>
				</Set>
				<Set Name="58">
					<Setting Name="__Disabled">TRUE</Setting>
					<Setting Name="__SourceName">Implosion</Setting>
					<Setting Name="IAE">TRUE</Setting>
					<Setting Name="N_HP&lt;">99</Setting>
					<Setting Name="Type">NamedCA</Setting>
				</Set>
				<Set Name="59">
					<Setting Name="__Disabled">TRUE</Setting>
					<Setting Name="__SourceName">Evade</Setting>
					<Setting Name="ID">TRUE</Setting>
					<Setting Name="Type">CA</Setting>
				</Set>
				<Set Name="60">
					<Setting Name="__SourceName">-------------------------------------------------------------------------------</Setting>
					<Setting Name="Type">CA</Setting>
				</Set>
				<Set Name="61">
					<Setting Name="__Disabled">TRUE</Setting>
					<Setting Name="__SourceName">Placating Strike</Setting>
					<Setting Name="Type">CA</Setting>
				</Set>
				<Set Name="62">
					<Setting Name="__Disabled">TRUE</Setting>
					<Setting Name="__SourceName">Crippling Strike</Setting>
					<Setting Name="Type">CA</Setting>
				</Set>
				<Set Name="63">
					<Setting Name="__Disabled">TRUE</Setting>
					<Setting Name="__SourceName">Touch of the Nightshade</Setting>
					<Setting Name="Type">CA</Setting>
				</Set>
				<Set Name="64">
					<Setting Name="__Disabled">TRUE</Setting>
					<Setting Name="__SourceName">Paralyzing Strike</Setting>
					<Setting Name="Type">CA</Setting>
				</Set>
				<Set Name="65">
					<Setting Name="__Disabled">TRUE</Setting>
					<Setting Name="__SourceName">Impale</Setting>
					<Setting Name="Type">CA</Setting>
				</Set>
				<Set Name="66">
					<Setting Name="__Disabled">TRUE</Setting>
					<Setting Name="__SourceName">Improvised Weapon</Setting>
					<Setting Name="Type">CA</Setting>
				</Set>
				<Set Name="67">
					<Setting Name="__Disabled">TRUE</Setting>
					<Setting Name="__SourceName">Hilt Strike</Setting>
					<Setting Name="Type">CA</Setting>
				</Set>
				<Set Name="68">
					<Setting Name="__Disabled">TRUE</Setting>
					<Setting Name="__SourceName">-------------------------------------------------------------------------------</Setting>
					<Setting Name="Type">Buff</Setting>
				</Set>
				<Set Name="69">
					<Setting Name="__SourceName">Apply Poison</Setting>
					<Setting Name="Target">@Tank</Setting>
					<Setting Name="Type">Buff</Setting>
				</Set>
				<Set Name="70">
					<Setting Name="__SourceName">Assassin's Flurry</Setting>
					<Setting Name="Type">Buff</Setting>
				</Set>
				<Set Name="71">
					<Setting Name="__SourceName">Ballads of Zimara: Flawless Execution</Setting>
					<Setting Name="Type">Buff</Setting>
				</Set>
				<Set Name="72">
					<Setting Name="__SourceName">Carnage</Setting>
					<Setting Name="Type">Buff</Setting>
				</Set>
				<Set Name="73">
					<Setting Name="__SourceName">Dozekar's Resilience</Setting>
					<Setting Name="Type">Buff</Setting>
				</Set>
				<Set Name="74">
					<Setting Name="__SourceName">Etherlord</Setting>
					<Setting Name="Type">Buff</Setting>
				</Set>
				<Set Name="75">
					<Setting Name="__SourceName">Murderous Design</Setting>
					<Setting Name="Target">@Tank</Setting>
					<Setting Name="Type">Buff</Setting>
				</Set>
				<Set Name="76">
					<Setting Name="__SourceName">Pathfinding</Setting>
					<Setting Name="Type">Buff</Setting>
				</Set>
				<Set Name="77">
					<Setting Name="__Disabled">TRUE</Setting>
					<Setting Name="__SourceName">Persistence</Setting>
					<Setting Name="Type">NonCombatBuff</Setting>
				</Set>
				<Set Name="78">
					<Setting Name="__SourceName">Recapture</Setting>
					<Setting Name="Target">@Tank</Setting>
					<Setting Name="Type">Buff</Setting>
				</Set>
				<Set Name="79">
					<Setting Name="__SourceName">Shadow Trickery</Setting>
					<Setting Name="Type">Buff</Setting>
				</Set>
				<Set Name="80">
					<Setting Name="__SourceName">Shared Poison</Setting>
					<Setting Name="Type">Buff</Setting>
				</Set>
				<Set Name="81">
					<Setting Name="__SourceName">Villainy</Setting>
					<Setting Name="Type">Buff</Setting>
				</Set>
				<Set Name="82">
					<Setting Name="__SourceName">Whirling Blades</Setting>
					<Setting Name="Type">Buff</Setting>
				</Set>
				<Set Name="83">
					<Setting Name="__SourceName">Guild Buff</Setting>
					<Setting Name="Type">Buff</Setting>
				</Set>
				<Set Name="84">
					<Setting Name="__Disabled">TRUE</Setting>
					<Setting Name="__SourceName">-------------------------------------------------------------------------------</Setting>
					<Setting Name="Type">CA</Setting>
				</Set>
				<Set Name="85">
					<Setting Name="__SourceName">Vah Shir Mount Infusion</Setting>
					<Setting Name="Type">Buff</Setting>
				</Set>
				<Set Name="86">
					<Setting Name="__SourceName">Dwarven Battlerage Mercenary Infusion</Setting>
					<Setting Name="Type">Buff</Setting>
				</Set>
				<Set Name="87">
					<Setting Name="__SourceName">Jubilant Familiar Infusion</Setting>
					<Setting Name="Type">Buff</Setting>
				</Set>
				<Set Name="88">
					<Setting Name="__Disabled">TRUE</Setting>
					<Setting Name="__SourceName">-------------------------------------------------------------------------------</Setting>
					<Setting Name="Type">Buff</Setting>
				</Set>
				<Set Name="89">
					<Setting Name="__SourceName">Wroughtlands Smasher</Setting>
					<Setting Name="Type">Buff</Setting>
				</Set>
				<Set Name="90">
					<Setting Name="__SourceName">Summon: Warrior of Zek</Setting>
					<Setting Name="Type">Buff</Setting>
				</Set>
				<Set Name="91">
					<Setting Name="__Disabled">TRUE</Setting>
					<Setting Name="__SourceName">-------------------------------------------------------------------------------</Setting>
					<Setting Name="Type">Buff</Setting>
				</Set>
				<Set Name="92">
					<Setting Name="__IsItem">TRUE</Setting>
					<Setting Name="__ItemName">_EQUIPPED_Left Charm_21</Setting>
					<Setting Name="__SourceName">Item:_EQUIPPED_Left Charm_21</Setting>
					<Setting Name="Tag">Vamp</Setting>
					<Setting Name="Type">Buff</Setting>
				</Set>
				<Set Name="93">
					<Setting Name="__Disabled">TRUE</Setting>
					<Setting Name="__SourceName">-------------------------------------------------------------------------------</Setting>
					<Setting Name="Type">Buff</Setting>
				</Set>
				<Set Name="94">
					<Setting Name="__Disabled">TRUE</Setting>
					<Setting Name="__ENDOFCASTSTACK">TRUE</Setting>
					<Setting Name="__SourceName">============= END OF CAST STACK =============</Setting>
					<Setting Name="Type">Buff</Setting>
				</Set>
				<Set Name="95">
					<Setting Name="__Disabled">TRUE</Setting>
					<Setting Name="__SourceName">-------------------------------------------------------------------------------</Setting>
					<Setting Name="Type">Buff</Setting>
				</Set>
				<Set Name="96">
					<Setting Name="%">100</Setting>
					<Setting Name="__SourceName">Touch of Magic</Setting>
					<Setting Name="ATag">PreCastTag</Setting>
					<Setting Name="AType">Listen Only</Setting>
					<Setting Name="N_HP&lt;">99</Setting>
					<Setting Name="Type">Heal</Setting>
				</Set>
				<Set Name="97">
					<Setting Name="%">100</Setting>
					<Setting Name="__SourceName">Ethereal Conduit</Setting>
					<Setting Name="ATag">PreCastTag</Setting>
					<Setting Name="AType">Listen Only</Setting>
					<Setting Name="Target">@Me</Setting>
					<Setting Name="Type">Heal</Setting>
				</Set>
				<Set Name="98">
					<Setting Name="%">100</Setting>
					<Setting Name="__SourceName">Honed Reflexes</Setting>
					<Setting Name="ATag">PreCastTag</Setting>
					<Setting Name="AType">Listen Only</Setting>
					<Setting Name="N_HP&lt;">99</Setting>
					<Setting Name="Type">Heal</Setting>
				</Set>
				<Set Name="99">
					<Setting Name="%">100</Setting>
					<Setting Name="__SourceName">Deadly Focus</Setting>
					<Setting Name="ATag">PreCastTag</Setting>
					<Setting Name="AType">Listen Only</Setting>
					<Setting Name="N_HP&lt;">99</Setting>
					<Setting Name="Type">Heal</Setting>
				</Set>
				<Set Name="100">
					<Setting Name="%">100</Setting>
					<Setting Name="__SourceName">Exacting</Setting>
					<Setting Name="ATag">PreCastTag</Setting>
					<Setting Name="AType">Listen Only</Setting>
					<Setting Name="N_HP&lt;">99</Setting>
					<Setting Name="Type">Heal</Setting>
				</Set>
				<Set Name="101">
					<Setting Name="%">100</Setting>
					<Setting Name="__SourceName">Frontload</Setting>
					<Setting Name="ATag">PreCastTag</Setting>
					<Setting Name="AType">Listen Only</Setting>
					<Setting Name="N_HP&lt;">99</Setting>
					<Setting Name="Type">Heal</Setting>
				</Set>
				<Set Name="102">
					<Setting Name="__Disabled">TRUE</Setting>
					<Setting Name="__SourceName">-------------------------------------------------------------------------------</Setting>
					<Setting Name="Type">Buff</Setting>
				</Set>
			</Set>
			<Set Name="AbilityRotation">
				<Set Name="1">
					<Setting Name="__SourceName">Death Mark</Setting>
					<Setting Name="Dur">8</Setting>
					<Setting Name="Me">TRUE</Setting>
				</Set>
				<Set Name="2">
					<Setting Name="__SourceName">Gushing Wound</Setting>
					<Setting Name="Dur">8</Setting>
					<Setting Name="Me">TRUE</Setting>
				</Set>
				<Set Name="3">
					<Setting Name="__SourceName">Impale</Setting>
					<Setting Name="Dur">8</Setting>
					<Setting Name="Me">TRUE</Setting>
				</Set>
			</Set>
			<Set Name="Assist">
				<Set Name="1">
					<Setting Name="__SourceName">@Tank</Setting>
				</Set>
			</Set>
			<Set Name="Precast">
				<Set Name="1">
					<Setting Name="__SourceName">Stalk</Setting>
					<Setting Name="On">Assassinate</Setting>
				</Set>
				<Set Name="2">
					<Setting Name="__SourceName">Getaway</Setting>
					<Setting Name="On">Fatal Followup</Setting>
				</Set>
				<Set Name="3">
					<Setting Name="__SourceName">Masked Strike</Setting>
					<Setting Name="On">Tracing Wound</Setting>
				</Set>
				<Set Name="4">
					<Setting Name="__SourceName">Smoke Bomb</Setting>
					<Setting Name="On">Massacre</Setting>
				</Set>
			</Set>
			<Set Name="Postcast">
				<Set Name="1">
					<Setting Name="__SourceName">Quick Strike</Setting>
					<Setting Name="After">Shadow Step</Setting>
				</Set>
				<Set Name="2">
					<Setting Name="__SourceName">In Plain Sight</Setting>
					<Setting Name="After">Assassinate</Setting>
				</Set>
			</Set>
			<Set Name="Loot">
				<Setting Name="checkbox_loot_ffaaccept">TRUE</Setting>
				<Setting Name="checkbox_loot_confirmnotrade">TRUE</Setting>
			</Set>
			<Set Name="OSA">
				<Setting Name="slider_osa_radius">53</Setting>
				<Setting Name="textentry_osa_radius">53</Setting>
				<Setting Name="checkbox_osa_targetsonly">TRUE</Setting>
			</Set>
			<Set Name="Announce">
				<Set Name="1">
					<Setting Name="__SourceName">Shadow</Setting>
					<Setting Name="Target">Execute In Console</Setting>
					<Setting Name="Txt">run SinScript Mimic</Setting>
				</Set>
				<Set Name="2">
					<Setting Name="__SourceName">Fatal Followup</Setting>
					<Setting Name="Target">Execute In Console</Setting>
					<Setting Name="Txt">run SinScript FFU</Setting>
				</Set>
				<Set Name="3">
					<Setting Name="__SourceName">Fatal Followup</Setting>
					<Setting Name="Target">Group</Setting>
					<Setting Name="Txt">FFU</Setting>
				</Set>
			</Set>
			<Set Name="Other">
				<Setting Name="combobox_other_curabledisable">NULL</Setting>
				<Setting Name="checkbox_other_curabledisable">FALSE</Setting>
				<Setting Name="checkbox_other_handlefieldmedic">TRUE</Setting>
			</Set>
			<Set Name="Assassin">
				<Setting Name="checkbox_assassin_exploitweakness">TRUE</Setting>
			</Set>
			<Set Name="Debug">
				<Setting Name="checkbox_debug_casting">TRUE</Setting>
				<Setting Name="checkbox_debug_castingcompleted">TRUE</Setting>
				<Setting Name="checkbox_debug_castingdetails">TRUE</Setting>
				<Setting Name="checkbox_debug_whatisthebotdoing">FALSE</Setting>
				<Setting Name="checkbox_debug_announce">TRUE</Setting>
				<Setting Name="checkbox_debug_failedcasts">TRUE</Setting>
				<Setting Name="checkbox_debug_heroicopportunity">TRUE</Setting>
				<Setting Name="checkbox_debug_caststackdetails">TRUE</Setting>
				<Setting Name="checkbox_debug_queuedcommands">TRUE</Setting>
			</Set>
			<Set Name="AutoTarget">
				<Setting Name="slider_autotarget_scanradius">35</Setting>
				<Setting Name="checkbox_autotarget_enabled">FALSE</Setting>
				<Setting Name="slider_autotarget_scanheight">20</Setting>
				<Setting Name="slider_autotarget_rescantime">507</Setting>
				<Setting Name="checkbox_autotarget_outofcombatscanning">FALSE</Setting>
			</Set>
			<Set Name="LoadExecute">
				<Set Name="1">
					<Setting Name="__SourceName">run FFU</Setting>
				</Set>
				<Set Name="2">
					<Setting Name="__SourceName">run FFU2</Setting>
				</Set>
				<Set Name="3">
					<Setting Name="__SourceName">run FFUEcho</Setting>
				</Set>
				<Set Name="4">
					<Setting Name="__SourceName">run FFUReset</Setting>
				</Set>
				<Set Name="5">
					<Setting Name="__SourceName">run Sinscript</Setting>
				</Set>
				<Set Name="6">
					<Setting Name="__SourceName">run sinscript ReadyUp</Setting>
				</Set>
			</Set>
			<Set Name="OgreConsole">
				<Setting Name="textentry_ogreconsole_x">757</Setting>
				<Setting Name="textentry_ogreconsole_y">29</Setting>
				<Setting Name="textentry_ogreconsole_width">632</Setting>
				<Setting Name="textentry_ogreconsole_height">125</Setting>
				<Setting Name="checkbox_ogreconsole_neverautoopen">TRUE</Setting>
				<Setting Name="checkbox_ogreconsole_hideonload">TRUE</Setting>
			</Set>
			<Set Name="ChatEvents">
				<Set Name="1">
					<Setting Name="__SourceName">Timelord for You - Thanks</Setting>
					<Setting Name="Code">run SinScript IllyReset</Setting>
				</Set>
			</Set>
			<Set Name="AscensionEmbargoList">
				<Set Name="1">
					<Setting Name="__SourceName">Ethershadow Assassin</Setting>
				</Set>
			</Set>
			<Set Name="Items">
				<Set Name="1">
					<Setting Name="__SourceName">_EQUIPPED_Left Charm_21</Setting>
				</Set>
			</Set>
			<Set Name="AbilityResearch">
				<Set Name="1">
					<Setting Name="__SourceName">Gut</Setting>
					<Setting Name="Ancient">TRUE</Setting>
				</Set>
				<Set Name="2">
					<Setting Name="__SourceName">Feedback Loop</Setting>
					<Setting Name="Ancient">TRUE</Setting>
				</Set>
				<Set Name="3">
					<Setting Name="__SourceName">Honed Reflexes</Setting>
					<Setting Name="Ancient">TRUE</Setting>
				</Set>
				<Set Name="4">
					<Setting Name="__SourceName">Deadly Focus VII</Setting>
					<Setting Name="Ancient">TRUE</Setting>
				</Set>
				<Set Name="5">
					<Setting Name="__SourceName">Gushing Wound XI</Setting>
					<Setting Name="Ancient">TRUE</Setting>
				</Set>
				<Set Name="6">
					<Setting Name="__SourceName">Exacting</Setting>
					<Setting Name="Ancient">TRUE</Setting>
				</Set>
				<Set Name="7">
					<Setting Name="__SourceName">Mana Schism</Setting>
					<Setting Name="Ancient">TRUE</Setting>
				</Set>
				<Set Name="8">
					<Setting Name="__SourceName">Stealth Assault IX</Setting>
					<Setting Name="Ancient">TRUE</Setting>
				</Set>
				<Set Name="9">
					<Setting Name="__SourceName">Ambush XI</Setting>
					<Setting Name="Ancient">TRUE</Setting>
				</Set>
				<Set Name="10">
					<Setting Name="__SourceName">Villainy X</Setting>
					<Setting Name="Ancient">TRUE</Setting>
				</Set>
				<Set Name="11">
					<Setting Name="__SourceName">Impale X</Setting>
					<Setting Name="Ancient">TRUE</Setting>
				</Set>
				<Set Name="12">
					<Setting Name="__SourceName">Ethereal Conduit II</Setting>
					<Setting Name="Ancient">TRUE</Setting>
				</Set>
				<Set Name="13">
					<Setting Name="__SourceName">Levinbolt II</Setting>
					<Setting Name="Ancient">TRUE</Setting>
				</Set>
				<Set Name="14">
					<Setting Name="__SourceName">Death Blow VI</Setting>
					<Setting Name="Ancient">TRUE</Setting>
				</Set>
			</Set>
			<Set Name="AbilityResearchSettings">
				<Setting Name="checkbox_abilityresearch_sort_name">FALSE</Setting>
			</Set>
			<Set Name="Overseer">
				<Setting Name="checkbox_overseer_skip_treasured_quests">TRUE</Setting>
				<Setting Name="checkbox_overseer_skip_mishap">TRUE</Setting>
			</Set>
			<Set Name="ConsumeItems">
				<Set Name="1">
					<Setting Name="__IsItem">TRUE</Setting>
					<Setting Name="__ItemName">Shadowscream Elixir of Intellect</Setting>
					<Setting Name="__SourceName">Item:Shadowscream Elixir of Intellect</Setting>
					<Setting Name="IC">TRUE</Setting>
				</Set>
				<Set Name="2">
					<Setting Name="__IsItem">TRUE</Setting>
					<Setting Name="__ItemName">Shadowscream Scroll of Skirmishing</Setting>
					<Setting Name="__SourceName">Item:Shadowscream Scroll of Skirmishing</Setting>
					<Setting Name="IC">TRUE</Setting>
				</Set>
				<Set Name="3">
					<Setting Name="__IsItem">TRUE</Setting>
					<Setting Name="__ItemName">Shadowscream Scroll of Pugilism</Setting>
					<Setting Name="__SourceName">Item:Shadowscream Scroll of Pugilism</Setting>
					<Setting Name="IC">TRUE</Setting>
				</Set>
				<Set Name="4">
					<Setting Name="__IsItem">TRUE</Setting>
					<Setting Name="__ItemName">Shadowscream Scroll of Effectiveness</Setting>
					<Setting Name="__SourceName">Item:Shadowscream Scroll of Effectiveness</Setting>
					<Setting Name="IC">TRUE</Setting>
				</Set>
			</Set>
			<Set Name="Tags_AddNew">
				<Set Name="1">
					<Setting Name="__SourceName">FFU1Allow</Setting>
				</Set>
				<Set Name="2">
					<Setting Name="__SourceName">FFU2Allow</Setting>
				</Set>
				<Set Name="3">
					<Setting Name="__SourceName">FFU1Embargo</Setting>
				</Set>
				<Set Name="4">
					<Setting Name="__SourceName">FFU2Embargo</Setting>
				</Set>
				<Set Name="5">
					<Setting Name="__SourceName">FastCast</Setting>
				</Set>
				<Set Name="6">
					<Setting Name="__SourceName">EssOfMag</Setting>
				</Set>
				<Set Name="7">
					<Setting Name="__SourceName">CausticEmbargo</Setting>
				</Set>
				<Set Name="8">
					<Setting Name="__SourceName">step-reset</Setting>
				</Set>
				<Set Name="9">
					<Setting Name="__SourceName">PreCastTag</Setting>
				</Set>
			</Set>
			<Set Name="Tags">
				<Set Name="1">
					<Setting Name="__SourceName">FFU1Embargo</Setting>
					<Setting Name="Dur">200</Setting>
					<Setting Name="Me">TRUE</Setting>
				</Set>
				<Set Name="2">
					<Setting Name="__SourceName">FFU1Allow</Setting>
					<Setting Name="Dur">25</Setting>
					<Setting Name="Me">TRUE</Setting>
				</Set>
				<Set Name="3">
					<Setting Name="__SourceName">FFU2Allow</Setting>
					<Setting Name="Dur">12</Setting>
					<Setting Name="Me">TRUE</Setting>
				</Set>
				<Set Name="4">
					<Setting Name="__SourceName">FFU2Embargo</Setting>
					<Setting Name="Dur">20</Setting>
					<Setting Name="Me">TRUE</Setting>
				</Set>
				<Set Name="5">
					<Setting Name="__SourceName">FastCast</Setting>
					<Setting Name="Me">TRUE</Setting>
				</Set>
				<Set Name="6">
					<Setting Name="__SourceName">CausticEmbargo</Setting>
					<Setting Name="Me">TRUE</Setting>
				</Set>
				<Set Name="7">
					<Setting Name="__SourceName">step-reset</Setting>
					<Setting Name="Dur">4</Setting>
					<Setting Name="I">TRUE</Setting>
					<Setting Name="Me">TRUE</Setting>
				</Set>
				<Set Name="8">
					<Setting Name="__SourceName">PreCastTag</Setting>
					<Setting Name="Dur">15</Setting>
					<Setting Name="I">TRUE</Setting>
					<Setting Name="Me">TRUE</Setting>
				</Set>
			</Set>
			<Set Name="AbilityTracker">
				<Set Name="1">
					<Setting Name="__SourceName">Assassinate</Setting>
				</Set>
				<Set Name="2">
					<Setting Name="__SourceName">Gushing Wound</Setting>
				</Set>
				<Set Name="3">
					<Setting Name="__SourceName">Fatal Followup</Setting>
				</Set>
				<Set Name="4">
					<Setting Name="__SourceName">Shadow Agent</Setting>
				</Set>
				<Set Name="5">
					<Setting Name="__SourceName">Tracing Wound</Setting>
				</Set>
			</Set>
			<Set Name="VampiricRequiemOptions">
				<Setting Name="checkbox_vampiricrequiem_enable">TRUE</Setting>
				<Setting Name="checkbox_vampiricrequiem_waittime">FALSE</Setting>
				<Setting Name="checkbox_vampiricrequiem_allowincombat">TRUE</Setting>
			</Set>
		</Set>
		<Set Name="Jiimbo_Ranger_ROC">
			<Set Name="Settings">
				<Setting Name="checkbox_settings_buffs">TRUE</Setting>
				<Setting Name="checkbox_settings_combatarts">TRUE</Setting>
				<Setting Name="checkbox_settings_namedcombatarts">TRUE</Setting>
				<Setting Name="checkbox_settings_rangedattack">TRUE</Setting>
				<Setting Name="checkbox_settings_autoattacktiming">TRUE</Setting>
				<Setting Name="checkbox_settings_meleeattack">FALSE</Setting>
				<Setting Name="checkbox_settings_ignoretargettoattackhealthcheck">TRUE</Setting>
				<Setting Name="checkbox_settings_loot">TRUE</Setting>
				<Setting Name="checkbox_settings_acceptloot">TRUE</Setting>
				<Setting Name="checkbox_settings_acceptres">TRUE</Setting>
				<Setting Name="checkbox_settings_prioritytab">TRUE</Setting>
				<Setting Name="checkbox_settings_acceptinvites">TRUE</Setting>
				<Setting Name="checkbox_settings_enablealiases">TRUE</Setting>
				<Setting Name="checkbox_settings_enableogremcp">FALSE</Setting>
				<Setting Name="checkbox_settings_enableonscreenassistant">FALSE</Setting>
				<Setting Name="checkbox_settings_enableannouncetab">TRUE</Setting>
				<Setting Name="checkbox_settings_raidoptions">TRUE</Setting>
				<Setting Name="checkbox_settings_grindoptions">TRUE</Setting>
				<Setting Name="checkbox_settings_encountersmartnukes">TRUE</Setting>
				<Setting Name="checkbox_settings_aesmartnukes">TRUE</Setting>
				<Setting Name="checkbox_settings_autotargetwhenhated">TRUE</Setting>
				<Setting Name="checkbox_settings_res">FALSE</Setting>
				<Setting Name="checkbox_settings_dopowerheals">FALSE</Setting>
				<Setting Name="checkbox_settings_assist">TRUE</Setting>
				<Setting Name="checkbox_settings_autofollow">TRUE</Setting>
				<Setting Name="checkbox_settings_chaintab">TRUE</Setting>
				<Setting Name="checkbox_settings_movetoarea">TRUE</Setting>
				<Setting Name="checkbox_settings_doho">FALSE</Setting>
				<Setting Name="checkbox_settings_facenpc">TRUE</Setting>
				<Setting Name="checkbox_settings_turnoffattack">TRUE</Setting>
				<Setting Name="checkbox_settings_movemelee">FALSE</Setting>
				<Setting Name="checkbox_settings_movebehind">FALSE</Setting>
				<Setting Name="checkbox_settings_cancelinvisaftercombat">TRUE</Setting>
				<Setting Name="checkbox_settings_ignoremovetoattackhealthcheck">TRUE</Setting>
				<Setting Name="checkbox_settings_enablepetsindropdowns">TRUE</Setting>
				<Setting Name="checkbox_settings_acceptraidreadychecks">TRUE</Setting>
				<Setting Name="checkbox_settings_acceptdungeonfinderisready">TRUE</Setting>
				<Setting Name="checkbox_settings_forcenamedcatab">FALSE</Setting>
				<Setting Name="checkbox_settings_enable_abilityrotate">TRUE</Setting>
				<Setting Name="checkbox_settings_enable_tag_embargo">TRUE</Setting>
				<Setting Name="checkbox_settings_enable_tag_allow">TRUE</Setting>
				<Setting Name="checkbox_settings_enable_itemrotate">TRUE</Setting>
				<Setting Name="checkbox_settings_acceptnochoicerewards">TRUE</Setting>
				<Setting Name="checkbox_settings_summon_familiar">TRUE</Setting>
				<Setting Name="checkbox_settings_accept_zonein_confirmation">TRUE</Setting>
				<Setting Name="checkbox_settings_disablecaststack_buffs">FALSE</Setting>
				<Setting Name="checkbox_settings_globally_mute_abilityrotation">TRUE</Setting>
				<Setting Name="checkbox_settings_no_overseer">TRUE</Setting>
				<Setting Name="checkbox_settings_disableabilitycollisionchecks">TRUE</Setting>
				<Setting Name="checkbox_settings_disablecaststack_items">FALSE</Setting>
				<Setting Name="checkbox_settings_disable_dbc_claim">TRUE</Setting>
				<Setting Name="checkbox_settings_auto_use_temporary_familiar_experience">TRUE</Setting>
				<Setting Name="checkbox_settings_auto_use_temporary_research_reduction">TRUE</Setting>
				<Setting Name="checkbox_settings_auto_use_temporary_mount_reduction">TRUE</Setting>
				<Setting Name="checkbox_settings_disablecaststack_curecurse">FALSE</Setting>
				<Setting Name="checkbox_settings_disablecaststack_cure">FALSE</Setting>
				<Setting Name="checkbox_settings_use_reduced_stun_checks">TRUE</Setting>
				<Setting Name="checkbox_settings_consumeitems">TRUE</Setting>
				<Setting Name="checkbox_settings_ho_wheel">FALSE</Setting>
				<Setting Name="checkbox_settings_ho_start">FALSE</Setting>
				<Setting Name="checkbox_settings_ho_starter">FALSE</Setting>
				<Setting Name="checkbox_settings_castwhilemoving">TRUE</Setting>
				<Setting Name="checkbox_settings_disablecaststack_namedca">FALSE</Setting>
				<Setting Name="checkbox_settings_disablemercsupport">TRUE</Setting>
				<Setting Name="checkbox_settings_npc_cast_monitoring">TRUE</Setting>
				<Setting Name="checkbox_settings_raidoptionslimited">FALSE</Setting>
				<Setting Name="checkbox_settings_disablecaststack_heal">FALSE</Setting>
				<Setting Name="checkbox_settings_disablecaststack_ca">FALSE</Setting>
				<Setting Name="checkbox_settings_nostuns">FALSE</Setting>
				<Setting Name="checkbox_settings_nodazes">FALSE</Setting>
				<Setting Name="checkbox_settings_nostifles">FALSE</Setting>
				<Setting Name="checkbox_settings_nointerrupts">FALSE</Setting>
				<Setting Name="checkbox_settings_nofears">FALSE</Setting>
				<Setting Name="checkbox_settings_nodispels">FALSE</Setting>
				<Setting Name="checkbox_settings_enable_chatevents">TRUE</Setting>
				<Setting Name="checkbox_settings_enable_spawnevents">TRUE</Setting>
				<Setting Name="checkbox_settings_enable_despawnevents">TRUE</Setting>
				<Setting Name="checkbox_settings_ability_tracker">TRUE</Setting>
				<Setting Name="checkbox_settings_cancelabilitiestogroupcure">FALSE</Setting>
				<Setting Name="checkbox_settings_enablequestcompare">FALSE</Setting>
				<Setting Name="checkbox_settings_allow_specials_to_be_targets">TRUE</Setting>
				<Setting Name="checkbox_settings_spew_subscription_status">TRUE</Setting>
			</Set>
			<Set Name="Setup">
				<Setting Name="textentry_setup_percenttoattack">100</Setting>
				<Setting Name="textentry_setup_moveintoattackrangehealthpercent">99</Setting>
				<Setting Name="textentry_setup_petpercenttoattack">99</Setting>
				<Setting Name="textentry_setup_powertousecas">1</Setting>
				<Setting Name="textentry_setup_healthtousecas">2</Setting>
				<Setting Name="textentry_setup_percenttousemanastone">10</Setting>
				<Setting Name="textentry_setup_percenttouseshards">10</Setting>
				<Setting Name="textentry_setup_reswaittimer">2</Setting>
				<Setting Name="checkbox_setup_broadcasttellstouplink">TRUE</Setting>
				<Setting Name="checkbox_setup_receivetellsfromuplink">FALSE</Setting>
				<Setting Name="combobox_setup_autofollowname">@Tank</Setting>
				<Setting Name="combobox_setup_shardcaster">Disabled</Setting>
				<Setting Name="combobox_setup_heartcaster">Disabled</Setting>
				<Setting Name="textentry_setup_spellrangeextender">0</Setting>
				<Setting Name="textentry_setup_moveintomeleerangemaxdistance">20</Setting>
				<Setting Name="textentry_setup_autofollowmaxdistance">50</Setting>
				<Setting Name="textentry_setup_pbaetargets">3</Setting>
				<Setting Name="textentry_setup_encountertargets">2</Setting>
			</Set>
			<Set Name="SetupInvis">
				<Set Name="1">
					<Setting Name="__SourceName">Stalk</Setting>
				</Set>
				<Set Name="2">
					<Setting Name="__SourceName">Sneak Attack</Setting>
				</Set>
			</Set>
			<Set Name="CastStack">
				<Set Name="1">
					<Setting Name="__IsItem">TRUE</Setting>
					<Setting Name="__ItemName">_ADORN_Formless Rune: Unknowable Field Medic</Setting>
					<Setting Name="__SourceName">Item:_ADORN_Formless Rune: Unknowable Field Medic</Setting>
					<Setting Name="Type">Buff</Setting>
					<Setting Name="RIE">TRUE</Setting>
				</Set>
				<Set Name="2">
					<Setting Name="__Disabled">TRUE</Setting>
					<Setting Name="__SourceName">-------------------------------------------------------------------------------</Setting>
					<Setting Name="Type">Buff</Setting>
				</Set>
				<Set Name="3">
					<Setting Name="%">100</Setting>
					<Setting Name="__SourceName">Ethereal Conduit</Setting>
					<Setting Name="ATag">PreCastTag</Setting>
					<Setting Name="AType">Listen Only</Setting>
					<Setting Name="Target">@Me</Setting>
					<Setting Name="Type">Heal</Setting>
				</Set>
				<Set Name="4">
					<Setting Name="%">100</Setting>
					<Setting Name="__SourceName">Killing Instinct</Setting>
					<Setting Name="ATag">PreCastTag</Setting>
					<Setting Name="AType">Listen Only</Setting>
					<Setting Name="Type">Heal</Setting>
				</Set>
				<Set Name="5">
					<Setting Name="#">1</Setting>
					<Setting Name="%">100</Setting>
					<Setting Name="__SourceName">Honed Reflexes</Setting>
					<Setting Name="ATag">PreCastTag</Setting>
					<Setting Name="AType">Listen Only</Setting>
					<Setting Name="Target">@Me</Setting>
					<Setting Name="Type">Heal</Setting>
				</Set>
				<Set Name="6">
					<Setting Name="%">100</Setting>
					<Setting Name="__SourceName">Focus Aim</Setting>
					<Setting Name="ATag">PreCastTag</Setting>
					<Setting Name="AType">Listen Only</Setting>
					<Setting Name="Type">Heal</Setting>
				</Set>
				<Set Name="7">
					<Setting Name="%">100</Setting>
					<Setting Name="__SourceName">Huntmaster</Setting>
					<Setting Name="ATag">PreCastTag</Setting>
					<Setting Name="AType">Listen Only</Setting>
					<Setting Name="Type">Heal</Setting>
				</Set>
				<Set Name="8">
					<Setting Name="%">100</Setting>
					<Setting Name="__SourceName">Feedback Loop</Setting>
					<Setting Name="ATag">PreCastTag</Setting>
					<Setting Name="AType">Listen Only</Setting>
					<Setting Name="Type">Heal</Setting>
				</Set>
				<Set Name="9">
					<Setting Name="%">100</Setting>
					<Setting Name="__IsItem">TRUE</Setting>
					<Setting Name="__ItemName">_EQUIPPED_Right Charm_22</Setting>
					<Setting Name="__SourceName">Item:_EQUIPPED_Right Charm_22</Setting>
					<Setting Name="ATag">PreCastTag</Setting>
					<Setting Name="AType">Listen Only</Setting>
					<Setting Name="Target">@Tank</Setting>
					<Setting Name="Type">Heal</Setting>
					<Setting Name="__Disabled">TRUE</Setting>
				</Set>
				<Set Name="10">
					<Setting Name="__Disabled">TRUE</Setting>
					<Setting Name="__SourceName">-------------------------------------------------------------------------------</Setting>
					<Setting Name="Type">Buff</Setting>
				</Set>
				<Set Name="11">
					<Setting Name="#">3</Setting>
					<Setting Name="__SourceName">Rapid Salvo</Setting>
					<Setting Name="ATag">SquadAllow</Setting>
					<Setting Name="AType">Listen Only</Setting>
					<Setting Name="Type">CA</Setting>
				</Set>
				<Set Name="12">
					<Setting Name="#">2</Setting>
					<Setting Name="__SourceName">Dagger Storm</Setting>
					<Setting Name="Type">CA</Setting>
				</Set>
				<Set Name="13">
					<Setting Name="__SourceName">Tracing Shot</Setting>
					<Setting Name="ATag">SquadAllow</Setting>
					<Setting Name="AType">Listen Only</Setting>
					<Setting Name="ID">TRUE</Setting>
					<Setting Name="Type">NamedCA</Setting>
				</Set>
				<Set Name="14">
					<Setting Name="#">3</Setting>
					<Setting Name="__SourceName">Blightshadow Scourge</Setting>
					<Setting Name="ATag">SquadAllow</Setting>
					<Setting Name="AType">Listen Only</Setting>
					<Setting Name="Type">CA</Setting>
				</Set>
				<Set Name="15">
					<Setting Name="#">1</Setting>
					<Setting Name="__SourceName">Shadebringer</Setting>
					<Setting Name="ATag">SquadAllow</Setting>
					<Setting Name="AType">Listen Only</Setting>
					<Setting Name="Type">CA</Setting>
				</Set>
				<Set Name="16">
					<Setting Name="__Disabled">TRUE</Setting>
					<Setting Name="__SourceName">-------------------------------------------------------------------------------</Setting>
					<Setting Name="Type">Buff</Setting>
				</Set>
				<Set Name="17">
					<Setting Name="#">1</Setting>
					<Setting Name="__SourceName">Blightshadow Scourge</Setting>
					<Setting Name="ATag">SquadAllow</Setting>
					<Setting Name="AType">Listen Only</Setting>
					<Setting Name="ID">TRUE</Setting>
					<Setting Name="Type">NamedCA</Setting>
				</Set>
				<Set Name="18">
					<Setting Name="__SourceName">Sniper Shot</Setting>
					<Setting Name="ATag">SquadAllow</Setting>
					<Setting Name="AType">Listen Only</Setting>
					<Setting Name="Type">NamedCA</Setting>
				</Set>
				<Set Name="19">
					<Setting Name="#">1</Setting>
					<Setting Name="__SourceName">Shadebringer</Setting>
					<Setting Name="ATag">SquadAllow</Setting>
					<Setting Name="AType">Listen Only</Setting>
					<Setting Name="Type">NamedCA</Setting>
				</Set>
				<Set Name="20">
					<Setting Name="__SourceName">Searing Shot</Setting>
					<Setting Name="ETag">BlazingWound</Setting>
					<Setting Name="Type">NamedCA</Setting>
				</Set>
				<Set Name="21">
					<Setting Name="__Disabled">TRUE</Setting>
					<Setting Name="__SourceName">-------------------------------------------------------------------------------</Setting>
					<Setting Name="Type">Buff</Setting>
				</Set>
				<Set Name="22">
					<Setting Name="__SourceName">Sniper Squad</Setting>
					<Setting Name="ATag">SquadAllow</Setting>
					<Setting Name="AType">Trigger Only</Setting>
					<Setting Name="ETag">SquadEmbargo</Setting>
					<Setting Name="EType">Trigger Only</Setting>
					<Setting Name="ID">TRUE</Setting>
					<Setting Name="Named">TRUE</Setting>
					<Setting Name="Target">@Me</Setting>
					<Setting Name="Type">Combat</Setting>
				</Set>
				<Set Name="23">
					<Setting Name="#">3</Setting>
					<Setting Name="__SourceName">Explosive Arrow</Setting>
					<Setting Name="ATag">SquadAllow</Setting>
					<Setting Name="AType">Listen Only</Setting>
					<Setting Name="Type">CA</Setting>
				</Set>
				<Set Name="24">
					<Setting Name="#">3</Setting>
					<Setting Name="__SourceName">Arrow Barrage</Setting>
					<Setting Name="ATag">SquadAllow</Setting>
					<Setting Name="AType">Listen Only</Setting>
					<Setting Name="Type">CA</Setting>
				</Set>
				<Set Name="25">
					<Setting Name="__SourceName">Triple Shot</Setting>
					<Setting Name="ATag">WreakHavoc</Setting>
					<Setting Name="AType">Listen Only</Setting>
					<Setting Name="Type">CA</Setting>
				</Set>
				<Set Name="26">
					<Setting Name="__SourceName">Rear Shot</Setting>
					<Setting Name="ATag">WreakHavoc</Setting>
					<Setting Name="AType">Listen Only</Setting>
					<Setting Name="Tag">Snare</Setting>
					<Setting Name="Type">CA</Setting>
				</Set>
				<Set Name="27">
					<Setting Name="__SourceName">Hidden Shot</Setting>
					<Setting Name="ATag">WreakHavoc</Setting>
					<Setting Name="AType">Listen Only</Setting>
					<Setting Name="Type">CA</Setting>
				</Set>
				<Set Name="28">
					<Setting Name="__SourceName">Ranger's Blade</Setting>
					<Setting Name="ATag">WreakHavoc</Setting>
					<Setting Name="AType">Listen Only</Setting>
					<Setting Name="Type">CA</Setting>
				</Set>
				<Set Name="29">
					<Setting Name="__SourceName">Miracle Shot</Setting>
					<Setting Name="ATag">WreakHavoc</Setting>
					<Setting Name="AType">Listen Only</Setting>
					<Setting Name="Type">CA</Setting>
				</Set>
				<Set Name="30">
					<Setting Name="__SourceName">Trick Shot</Setting>
					<Setting Name="ATag">WreakHavoc</Setting>
					<Setting Name="AType">Trigger Only</Setting>
					<Setting Name="ID">TRUE</Setting>
					<Setting Name="Type">CA</Setting>
				</Set>
				<Set Name="31">
					<Setting Name="__SourceName">-------------------------------------------------------------------------------</Setting>
					<Setting Name="Type">Buff</Setting>
				</Set>
				<Set Name="32">
					<Setting Name="__SourceName">Huntmaster</Setting>
					<Setting Name="ETag">SquadAllow</Setting>
					<Setting Name="Type">NamedCA</Setting>
				</Set>
				<Set Name="33">
					<Setting Name="__SourceName">Focus Aim</Setting>
					<Setting Name="Type">CA</Setting>
				</Set>
				<Set Name="34">
					<Setting Name="__SourceName">Hawk Attack</Setting>
					<Setting Name="Type">CA</Setting>
				</Set>
				<Set Name="35">
					<Setting Name="__SourceName">Honed Reflexes</Setting>
					<Setting Name="ETag">SquadAllow</Setting>
					<Setting Name="Type">NamedCA</Setting>
				</Set>
				<Set Name="36">
					<Setting Name="__SourceName">Killing Instinct</Setting>
					<Setting Name="ETag">SquadAllow</Setting>
					<Setting Name="Type">NamedCA</Setting>
				</Set>
				<Set Name="37">
					<Setting Name="__SourceName">Evade</Setting>
					<Setting Name="Type">CA</Setting>
				</Set>
				<Set Name="38">
					<Setting Name="__SourceName">Sneak Attack</Setting>
					<Setting Name="ID">TRUE</Setting>
					<Setting Name="Type">CA</Setting>
				</Set>
				<Set Name="39">
					<Setting Name="#">1</Setting>
					<Setting Name="__SourceName">Stream of Arrows</Setting>
					<Setting Name="Type">CA</Setting>
				</Set>
				<Set Name="40">
					<Setting Name="#">1</Setting>
					<Setting Name="__SourceName">Arrow Barrage</Setting>
					<Setting Name="Type">NamedCA</Setting>
				</Set>
				<Set Name="41">
					<Setting Name="#">1</Setting>
					<Setting Name="__SourceName">Explosive Arrow</Setting>
					<Setting Name="Type">CA</Setting>
				</Set>
				<Set Name="42">
					<Setting Name="#">1</Setting>
					<Setting Name="__SourceName">Rapid Salvo</Setting>
					<Setting Name="Type">CA</Setting>
				</Set>
				<Set Name="43">
					<Setting Name="__SourceName">Mana Schism</Setting>
					<Setting Name="Type">NamedCA</Setting>
				</Set>
				<Set Name="44">
					<Setting Name="__SourceName">Cascading Force</Setting>
					<Setting Name="Type">NamedCA</Setting>
				</Set>
				<Set Name="45">
					<Setting Name="__SourceName">Compounding Force</Setting>
					<Setting Name="Type">NamedCA</Setting>
				</Set>
				<Set Name="46">
					<Setting Name="__SourceName">Feedback Loop</Setting>
					<Setting Name="ID">TRUE</Setting>
					<Setting Name="Type">NamedCA</Setting>
				</Set>
				<Set Name="47">
					<Setting Name="__SourceName">Blazing Shot</Setting>
					<Setting Name="Type">NamedCA</Setting>
				</Set>
				<Set Name="48">
					<Setting Name="__SourceName">-------------------------------------------------------------------------------</Setting>
					<Setting Name="Type">Buff</Setting>
				</Set>
				<Set Name="49">
					<Setting Name="__SourceName">Crippling Arrow</Setting>
					<Setting Name="Type">CA</Setting>
				</Set>
				<Set Name="50">
					<Setting Name="__SourceName">Emberstrike</Setting>
					<Setting Name="Type">CA</Setting>
				</Set>
				<Set Name="51">
					<Setting Name="__SourceName">Snipe</Setting>
					<Setting Name="Type">NamedDebuff</Setting>
				</Set>
				<Set Name="52">
					<Setting Name="__SourceName">Bloody Reminder</Setting>
					<Setting Name="Type">CA</Setting>
				</Set>
				<Set Name="53">
					<Setting Name="__SourceName">Arrow Rip</Setting>
					<Setting Name="Type">CA</Setting>
				</Set>
				<Set Name="54">
					<Setting Name="__SourceName">Snaring Shot</Setting>
					<Setting Name="Tag">Snare</Setting>
					<Setting Name="Type">CA</Setting>
				</Set>
				<Set Name="55">
					<Setting Name="__SourceName">-------------------------------------------------------------------------------</Setting>
					<Setting Name="Type">Buff</Setting>
				</Set>
				<Set Name="56">
					<Setting Name="__SourceName">Archer's Fury</Setting>
					<Setting Name="Type">NonCombatBuff</Setting>
				</Set>
				<Set Name="57">
					<Setting Name="__SourceName">Cat-Like Reflexes</Setting>
					<Setting Name="Type">NonCombatBuff</Setting>
				</Set>
				<Set Name="58">
					<Setting Name="__SourceName">Eagle's Talon</Setting>
					<Setting Name="Type">NonCombatBuff</Setting>
				</Set>
				<Set Name="59">
					<Setting Name="__SourceName">Etherlord</Setting>
					<Setting Name="Type">Buff</Setting>
				</Set>
				<Set Name="60">
					<Setting Name="__SourceName">Hunter's Instinct</Setting>
					<Setting Name="Type">NonCombatBuff</Setting>
				</Set>
				<Set Name="61">
					<Setting Name="__SourceName">Makeshift Arrows</Setting>
					<Setting Name="Type">NonCombatBuff</Setting>
				</Set>
				<Set Name="62">
					<Setting Name="__SourceName">Heartseeker Hawk</Setting>
					<Setting Name="Type">NonCombatBuff</Setting>
				</Set>
				<Set Name="63">
					<Setting Name="__SourceName">Pathfinding</Setting>
					<Setting Name="Type">NonCombatBuff</Setting>
				</Set>
				<Set Name="64">
					<Setting Name="__SourceName">Primal Reflexes</Setting>
					<Setting Name="Type">NonCombatBuff</Setting>
				</Set>
				<Set Name="65">
					<Setting Name="__SourceName">Unfetter</Setting>
					<Setting Name="Type">NonCombatBuff</Setting>
				</Set>
				<Set Name="66">
					<Setting Name="__SourceName">Dozekar's Resilience</Setting>
					<Setting Name="Type">NonCombatBuff</Setting>
				</Set>
				<Set Name="67">
					<Setting Name="__SourceName">Persistence</Setting>
					<Setting Name="Type">NonCombatBuff</Setting>
					<Setting Name="__Disabled">TRUE</Setting>
				</Set>
				<Set Name="68">
					<Setting Name="__SourceName">Summon: Warrior of Zek</Setting>
					<Setting Name="Type">NonCombatBuff</Setting>
				</Set>
				<Set Name="69">
					<Setting Name="__SourceName">Summon: Beloved of Bristlebane</Setting>
					<Setting Name="Type">NonCombatBuff</Setting>
					<Setting Name="__Disabled">TRUE</Setting>
				</Set>
				<Set Name="70">
					<Setting Name="__Disabled">TRUE</Setting>
					<Setting Name="__SourceName">-----------------------------------------------------------------------------------------------------------------------------------------</Setting>
					<Setting Name="Type">Buff</Setting>
				</Set>
				<Set Name="71">
					<Setting Name="__SourceName">Armored Ogler</Setting>
					<Setting Name="Type">Buff</Setting>
				</Set>
				<Set Name="72">
					<Setting Name="__Disabled">TRUE</Setting>
					<Setting Name="__SourceName">-----------------------------------------------------------------------------------------------------------------------------------------</Setting>
					<Setting Name="Type">Buff</Setting>
				</Set>
				<Set Name="73">
					<Setting Name="__SourceName">D'Morte Vampire Mount Infusion</Setting>
					<Setting Name="Type">Buff</Setting>
				</Set>
				<Set Name="74">
					<Setting Name="__Disabled">TRUE</Setting>
					<Setting Name="__SourceName">-----------------------------------------------------------------------------------------------------------------------------------------</Setting>
					<Setting Name="Type">Buff</Setting>
				</Set>
				<Set Name="75">
					<Setting Name="__SourceName">Zimaran Swag It Out Familiar Infusion</Setting>
					<Setting Name="Type">Buff</Setting>
				</Set>
				<Set Name="76">
					<Setting Name="__SourceName">Spirit of Arcanna'se Mercenary Infusion</Setting>
					<Setting Name="Type">Buff</Setting>
				</Set>
			</Set>
			<Set Name="AbilityRotation">
				<Set Name="1">
					<Setting Name="__SourceName">Honed Reflexes</Setting>
					<Setting Name="Dur">50</Setting>
					<Setting Name="Me">TRUE</Setting>
				</Set>
				<Set Name="2">
					<Setting Name="__SourceName">Killing Instinct</Setting>
					<Setting Name="Dur">45</Setting>
					<Setting Name="Me">TRUE</Setting>
				</Set>
				<Set Name="3">
					<Setting Name="__SourceName">Thorny Trap</Setting>
					<Setting Name="Dur">180</Setting>
					<Setting Name="Me">TRUE</Setting>
				</Set>
				<Set Name="4">
					<Setting Name="__SourceName">Huntmaster</Setting>
					<Setting Name="Dur">40</Setting>
					<Setting Name="Me">TRUE</Setting>
				</Set>
				<Set Name="5">
					<Setting Name="__SourceName">Rapid Salvo</Setting>
					<Setting Name="Dur">20</Setting>
					<Setting Name="I">TRUE</Setting>
					<Setting Name="Me">TRUE</Setting>
				</Set>
			</Set>
			<Set Name="ItemRotation">
				<Set Name="1">
					<Setting Name="__IsItem">TRUE</Setting>
					<Setting Name="__ItemName">_EQUIPPED_Right Charm_22</Setting>
					<Setting Name="__SourceName">Item:_EQUIPPED_Right Charm_22</Setting>
					<Setting Name="Dur">28</Setting>
					<Setting Name="G">TRUE</Setting>
					<Setting Name="IRC">TRUE</Setting>
				</Set>
			</Set>
			<Set Name="Assist">
				<Set Name="1">
					<Setting Name="__SourceName">@Tank</Setting>
				</Set>
			</Set>
			<Set Name="Precast">
				<Set Name="1">
					<Setting Name="__SourceName">Stalk</Setting>
					<Setting Name="On">Sniper Shot</Setting>
				</Set>
				<Set Name="2">
					<Setting Name="__Disabled">TRUE</Setting>
					<Setting Name="__SourceName">Wreak Havoc</Setting>
					<Setting Name="On">Trick Shot</Setting>
				</Set>
				<Set Name="3">
					<Setting Name="__SourceName">Wreak Havoc</Setting>
					<Setting Name="On">Triple Shot</Setting>
				</Set>
				<Set Name="4">
					<Setting Name="__SourceName">Stalk</Setting>
					<Setting Name="On">Shadebringer</Setting>
				</Set>
			</Set>
			<Set Name="Postcast">
				<Set Name="1">
					<Setting Name="__SourceName">Sniper Shot</Setting>
					<Setting Name="After">Stalk</Setting>
				</Set>
				<Set Name="2">
					<Setting Name="__SourceName">Predator's Final Trick</Setting>
					<Setting Name="After">Sniper Squad</Setting>
				</Set>
			</Set>
			<Set Name="Loot">
				<Setting Name="checkbox_loot_ffaaccept">TRUE</Setting>
				<Setting Name="checkbox_loot_confirmnotrade">TRUE</Setting>
				<Setting Name="checkbox_loot_lottoaccept">TRUE</Setting>
				<Setting Name="checkbox_loot_nbgaccept">TRUE</Setting>
				<Setting Name="checkbox_loot_ffalooteverything">TRUE</Setting>
				<Setting Name="checkbox_loot_lo_enable">TRUE</Setting>
				<Setting Name="checkbox_loot_lo_looteverything">TRUE</Setting>
				<Setting Name="checkbox_loot_lo_smartassign">TRUE</Setting>
			</Set>
			<Set Name="OSA">
				<Setting Name="slider_osa_radius">149</Setting>
				<Setting Name="textentry_osa_radius">149</Setting>
				<Setting Name="checkbox_osa_targetsonly">TRUE</Setting>
			</Set>
			<Set Name="Announce">
				<Set Name="1">
					<Setting Name="__SourceName">Sniper Squad</Setting>
					<Setting Name="Target">Execute In Console</Setting>
					<Setting Name="Txt">oc !ci -AbilityTag all Mimic 10 Allow</Setting>
				</Set>
				<Set Name="2">
					<Setting Name="__SourceName">Sniper Shot</Setting>
					<Setting Name="Target">Execute In Console</Setting>
					<Setting Name="Txt">oc !ci -AbilityTag all Mimic 10 Allow</Setting>
				</Set>
				<Set Name="3">
					<Setting Name="__SourceName">Sniper Squad</Setting>
					<Setting Name="Target">Execute In Console</Setting>
					<Setting Name="Txt">oc !ci -AbilityTag all SquadAllow 20 Allow</Setting>
				</Set>
			</Set>
			<Set Name="Other">
				<Setting Name="combobox_other_curabledisable">NULL</Setting>
				<Setting Name="checkbox_other_curabledisable">TRUE</Setting>
				<Setting Name="checkbox_other_requestconfrontfearviaraid">FALSE</Setting>
				<Setting Name="checkbox_other_requestconfrontfearviagroup">FALSE</Setting>
				<Setting Name="textentry_other_requestconfrontfearviagroup">Need a confront fear</Setting>
				<Setting Name="textentry_other_requestconfrontfearviaraid">Need a confront fear</Setting>
				<Setting Name="checkbox_other_requestconfrontfearviauplink">FALSE</Setting>
				<Setting Name="checkbox_other_handlefieldmedic">TRUE</Setting>
			</Set>
			<Set Name="Troubador">
				<Setting Name="textentry_troubador_potmrotationtext" />
				<Setting Name="checkbox_troubador_jesterscap">FALSE</Setting>
				<Setting Name="checkbox_troubador_victoriousconcerto">FALSE</Setting>
			</Set>
			<Set Name="Assassin">
				<Setting Name="checkbox_assassin_exploitweakness">TRUE</Setting>
			</Set>
			<Set Name="Ranger">
				<Setting Name="checkbox_ranger_exploitweakness">TRUE</Setting>
				<Setting Name="checkbox_ranger_focusaim">TRUE</Setting>
				<Setting Name="checkbox_ranger_wreakhavoc">TRUE</Setting>
			</Set>
			<Set Name="Debug">
				<Setting Name="checkbox_debug_casting">FALSE</Setting>
				<Setting Name="checkbox_debug_castingdetails">FALSE</Setting>
				<Setting Name="checkbox_debug_whatisthebotdoing">FALSE</Setting>
			</Set>
			<Set Name="AutoTarget">
				<Setting Name="slider_autotarget_scanheight">15</Setting>
				<Setting Name="slider_autotarget_scanradius">20</Setting>
				<Setting Name="slider_autotarget_rescantime">241</Setting>
				<Setting Name="checkbox_autotarget_enabled">FALSE</Setting>
				<Setting Name="checkbox_autotarget_outofcombatscanning">FALSE</Setting>
			</Set>
			<Set Name="Load">
				<Setting Name="checkbox_load_radaroff">TRUE</Setting>
				<Setting Name="checkbox_load_ogreirc">FALSE</Setting>
			</Set>
			<Set Name="LoadExecute">
				<Set Name="1">
					<Setting Name="__SourceName">eq2execute ics_playercombatautoface 0</Setting>
				</Set>
			</Set>
			<Set Name="EquipmentInfo">
				<Setting Name="combobox_equipmentinfo_charmoption1">Item:Ungrounded Scaling Cliffs Charm</Setting>
				<Setting Name="combobox_equipmentinfo_charmoption2">Item:The Price Paid</Setting>
			</Set>
			<Set Name="OgreConsole">
				<Setting Name="textentry_ogreconsole_x">1309</Setting>
				<Setting Name="textentry_ogreconsole_y">34</Setting>
				<Setting Name="textentry_ogreconsole_width">620</Setting>
				<Setting Name="textentry_ogreconsole_height">179</Setting>
				<Setting Name="checkbox_ogreconsole_showonload">FALSE</Setting>
				<Setting Name="checkbox_ogreconsole_hideonload">TRUE</Setting>
				<Setting Name="checkbox_ogreconsole_neverautoopen">TRUE</Setting>
			</Set>
			<Set Name="AscensionEmbargoList">
				<Set Name="1">
					<Setting Name="__SourceName">Ethershadow Assassin</Setting>
				</Set>
			</Set>
			<Set Name="Items">
				<Set Name="1">
					<Setting Name="__SourceName">_ADORN_Formless Rune: Unknowable Field Medic</Setting>
				</Set>
			</Set>
			<Set Name="AbilityResearch">
				<Set Name="1">
					<Setting Name="__SourceName">Archer's Fury X</Setting>
					<Setting Name="Ancient">TRUE</Setting>
				</Set>
				<Set Name="2">
					<Setting Name="__SourceName">Snipe XI</Setting>
					<Setting Name="Ancient">TRUE</Setting>
				</Set>
				<Set Name="3">
					<Setting Name="__SourceName">Hawk Attack VII</Setting>
					<Setting Name="Ancient">TRUE</Setting>
				</Set>
				<Set Name="4">
					<Setting Name="__SourceName">Killing Instinct V</Setting>
					<Setting Name="Ancient">TRUE</Setting>
				</Set>
				<Set Name="5">
					<Setting Name="__SourceName">Immobilizing Lunge XI</Setting>
					<Setting Name="Ancient">TRUE</Setting>
				</Set>
			</Set>
			<Set Name="AbilityResearchSettings">
				<Setting Name="checkbox_abilityresearch_sort_name">FALSE</Setting>
			</Set>
			<Set Name="Overseer">
				<Setting Name="checkbox_overseer_threaded">TRUE</Setting>
				<Setting Name="checkbox_overseer_skip_treasured_quests">FALSE</Setting>
			</Set>
			<Set Name="ConsumeItems">
				<Set Name="1">
					<Setting Name="__IsItem">TRUE</Setting>
					<Setting Name="__ItemName">Dreadfell Scroll of Pugilism</Setting>
					<Setting Name="__SourceName">Item:Dreadfell Scroll of Pugilism</Setting>
					<Setting Name="IC">TRUE</Setting>
				</Set>
				<Set Name="2">
					<Setting Name="__IsItem">TRUE</Setting>
					<Setting Name="__ItemName">Dreadfell Scroll of Skirmishing</Setting>
					<Setting Name="__SourceName">Item:Dreadfell Scroll of Skirmishing</Setting>
					<Setting Name="IC">TRUE</Setting>
				</Set>
				<Set Name="3">
					<Setting Name="__IsItem">TRUE</Setting>
					<Setting Name="__ItemName">Handcrafted Zimaran Elixir of Tactics</Setting>
					<Setting Name="__SourceName">Item:Handcrafted Zimaran Elixir of Tactics</Setting>
				</Set>
			</Set>
			<Set Name="Tags_AddNew">
				<Set Name="1">
					<Setting Name="__SourceName">SquadAllow</Setting>
				</Set>
				<Set Name="2">
					<Setting Name="__SourceName">SquadEmbargo</Setting>
				</Set>
				<Set Name="3">
					<Setting Name="__SourceName">WreakHavoc</Setting>
				</Set>
				<Set Name="4">
					<Setting Name="__SourceName">Huntmaster</Setting>
				</Set>
				<Set Name="5">
					<Setting Name="__SourceName">BlazingWound</Setting>
				</Set>
				<Set Name="6">
					<Setting Name="__SourceName">PreCastTag</Setting>
				</Set>
				<Set Name="7">
					<Setting Name="__SourceName">AE</Setting>
				</Set>
				<Set Name="8">
					<Setting Name="__SourceName">Torment</Setting>
				</Set>
			</Set>
			<Set Name="Tags">
				<Set Name="1">
					<Setting Name="__SourceName">SquadAllow</Setting>
					<Setting Name="Dur">30</Setting>
					<Setting Name="G">TRUE</Setting>
					<Setting Name="I">TRUE</Setting>
					<Setting Name="Me">TRUE</Setting>
				</Set>
				<Set Name="2">
					<Setting Name="__SourceName">SquadEmbargo</Setting>
					<Setting Name="Dur">30</Setting>
					<Setting Name="I">TRUE</Setting>
					<Setting Name="IRC">TRUE</Setting>
					<Setting Name="Me">TRUE</Setting>
				</Set>
				<Set Name="3">
					<Setting Name="__SourceName">WreakHavoc</Setting>
					<Setting Name="Dur">15</Setting>
					<Setting Name="Me">TRUE</Setting>
				</Set>
				<Set Name="4">
					<Setting Name="__SourceName">Huntmaster</Setting>
					<Setting Name="Dur">45</Setting>
					<Setting Name="Me">TRUE</Setting>
				</Set>
				<Set Name="5">
					<Setting Name="__SourceName">BlazingWound</Setting>
					<Setting Name="Dur">30</Setting>
					<Setting Name="Me">TRUE</Setting>
				</Set>
				<Set Name="6">
					<Setting Name="__SourceName">PreCastTag</Setting>
					<Setting Name="Dur">20</Setting>
					<Setting Name="Me">TRUE</Setting>
				</Set>
				<Set Name="7">
					<Setting Name="__SourceName">AE</Setting>
					<Setting Name="Dur">15</Setting>
					<Setting Name="Me">TRUE</Setting>
				</Set>
				<Set Name="8">
					<Setting Name="__SourceName">Torment</Setting>
					<Setting Name="Dur">10</Setting>
				</Set>
			</Set>
			<Set Name="PackPony">
				<Setting Name="checkbox_packpony_enable">TRUE</Setting>
				<Setting Name="checkbox_packpony_conversation3_2">FALSE</Setting>
				<Setting Name="checkbox_packpony_conversation3_3">FALSE</Setting>
				<Setting Name="checkbox_packpony_conversation1_3">TRUE</Setting>
				<Setting Name="checkbox_packpony_conversation2_4">TRUE</Setting>
				<Setting Name="checkbox_packpony_conversation3_1">TRUE</Setting>
			</Set>
			<Set Name="HOExcludes">
				<Set Name="1">
					<Setting Name="__SourceName">Archer's Fury</Setting>
				</Set>
			</Set>
			<Set Name="VampiricRequiem">
				<Set Name="1">
					<Setting Name="__SourceName">Archer's Fury</Setting>
				</Set>
				<Set Name="2">
					<Setting Name="__SourceName">Summon: Warrior of Zek</Setting>
				</Set>
				<Set Name="3">
					<Setting Name="__SourceName">Makeshift Arrows</Setting>
				</Set>
			</Set>
			<Set Name="VampiricRequiemOptions">
				<Setting Name="checkbox_vampiricrequiem_enable">TRUE</Setting>
			</Set>
		</Set>
	</Set>
</InnerSpaceSettings>
